datetime,pilEAUte-Pilote reactor 4-AIT_241-DO-kg/m3,
2019-12-10 00:00:08,0.002041729,
2019-12-10 00:01:08,0.0019375725,
2019-12-10 00:02:08,0.0019220486,
2019-12-10 00:03:08,0.0018871136,
2019-12-10 00:04:08,0.0018914738,
2019-12-10 00:05:08,0.0018558159,
2019-12-10 00:06:08,0.0018796673,
2019-12-10 00:07:08,0.0019720192,
2019-12-10 00:08:08,0.0020285397,
2019-12-10 00:09:08,0.0020530548,
2019-12-10 00:10:08,0.0020734787,
2019-12-10 00:11:08,0.0021176319,
2019-12-10 00:12:08,0.0021151218,
2019-12-10 00:13:08,0.0020390816,
2019-12-10 00:14:08,0.0020181274,
2019-12-10 00:15:08,0.0018512383,
2019-12-10 00:16:08,0.0012948456,
2019-12-10 00:17:08,0.0008894634,
2019-12-10 00:18:08,0.000600584,
2019-12-10 00:19:08,0.0003816109,
2019-12-10 00:20:08,0.0002985535,
2019-12-10 00:21:08,0.0005434666,
2019-12-10 00:22:08,0.001044157,
2019-12-10 00:23:08,0.0014110012,
2019-12-10 00:24:08,0.0018522339,
2019-12-10 00:25:08,0.0020868092,
2019-12-10 00:26:08,0.0022234383,
2019-12-10 00:27:08,0.0023270454,
2019-12-10 00:28:08,0.0023116112,
2019-12-10 00:29:08,0.0022365875,
2019-12-10 00:30:08,0.002143898,
2019-12-10 00:31:08,0.0020296879,
2019-12-10 00:32:08,0.0018752365,
2019-12-10 00:33:08,0.0018154411,
2019-12-10 00:34:08,0.0017697849,
2019-12-10 00:35:08,0.001783987,
2019-12-10 00:36:08,0.0019011517,
2019-12-10 00:37:08,0.0019766254,
2019-12-10 00:38:08,0.0020261383,
2019-12-10 00:39:08,0.0020380192,
2019-12-10 00:40:08,0.0020779438,
2019-12-10 00:41:08,0.0020741405,
2019-12-10 00:42:08,0.0020790672,
2019-12-10 00:43:08,0.0020849915,
2019-12-10 00:44:08,0.0021168995,
2019-12-10 00:45:08,0.0019129562,
2019-12-10 00:46:08,0.0016562939,
2019-12-10 00:47:08,0.0012933159,
2019-12-10 00:48:08,0.0010613689,
2019-12-10 00:49:08,0.0008807678,
2019-12-10 00:50:08,0.000709465,
2019-12-10 00:51:08,0.0008137035,
2019-12-10 00:52:08,0.0011175842,
2019-12-10 00:53:08,0.0016344852,
2019-12-10 00:54:08,0.0019503422,
2019-12-10 00:55:08,0.0021658688,
2019-12-10 00:56:08,0.0023978901,
2019-12-10 00:57:08,0.0024130325,
2019-12-10 00:58:08,0.0023514404,
2019-12-10 00:59:08,0.0021479492,
2019-12-10 01:00:08,0.0020600128,
2019-12-10 01:01:08,0.0019654808,
2019-12-10 01:02:08,0.0018403473,
2019-12-10 01:03:08,0.0018392029,
2019-12-10 01:04:08,0.0018366528,
2019-12-10 01:05:08,0.0019407444,
2019-12-10 01:06:08,0.0019996014,
2019-12-10 01:07:08,0.002012598,
2019-12-10 01:08:08,0.0020350418,
2019-12-10 01:09:08,0.002049778,
2019-12-10 01:10:08,0.0020075722,
2019-12-10 01:11:08,0.0020166168,
2019-12-10 01:12:08,0.0020190506,
2019-12-10 01:13:08,0.0019814949,
2019-12-10 01:14:08,0.0019529171,
2019-12-10 01:15:08,0.0020471382,
2019-12-10 01:16:08,0.0018879337,
2019-12-10 01:17:08,0.0014516621,
2019-12-10 01:18:08,0.0011020336,
2019-12-10 01:19:08,0.0007102051,
2019-12-10 01:20:08,0.0004564114,
2019-12-10 01:21:08,0.000322094,
2019-12-10 01:22:08,0.000248106,
2019-12-10 01:23:08,0.0002160568,
2019-12-10 01:24:08,0.0002886696,
2019-12-10 01:25:08,0.0004303169,
2019-12-10 01:26:08,0.0006563473,
2019-12-10 01:27:08,0.0010177269,
2019-12-10 01:28:08,0.0015733395,
2019-12-10 01:29:08,0.0019159966,
2019-12-10 01:30:08,0.002235939,
2019-12-10 01:31:08,0.0023644829,
2019-12-10 01:32:08,0.0023990021,
2019-12-10 01:33:08,0.0023254623,
2019-12-10 01:34:08,0.0021650658,
2019-12-10 01:35:08,0.0020631752,
2019-12-10 01:36:08,0.0019373455,
2019-12-10 01:37:08,0.001881855,
2019-12-10 01:38:08,0.0017978001,
2019-12-10 01:39:08,0.001835371,
2019-12-10 01:40:08,0.0018865948,
2019-12-10 01:41:08,0.0019580154,
2019-12-10 01:42:08,0.002043045,
2019-12-10 01:43:08,0.0020525894,
2019-12-10 01:44:08,0.0020607929,
2019-12-10 01:45:08,0.0020573921,
2019-12-10 01:46:08,0.0020547676,
2019-12-10 01:47:08,0.0020356884,
2019-12-10 01:48:08,0.0020560398,
2019-12-10 01:49:08,0.0018712864,
2019-12-10 01:50:08,0.0015806789,
2019-12-10 01:51:08,0.0013481712,
2019-12-10 01:52:08,0.0010992546,
2019-12-10 01:53:08,0.0008300686,
2019-12-10 01:54:08,0.0006856003,
2019-12-10 01:55:08,0.00057827,
2019-12-10 01:56:08,0.0004888058,
2019-12-10 01:57:08,0.0004401665,
2019-12-10 01:58:08,0.0006111183,
2019-12-10 01:59:08,0.0011068649,
2019-12-10 02:00:08,0.0015654583,
2019-12-10 02:01:08,0.0019023457,
2019-12-10 02:02:08,0.0023003311,
2019-12-10 02:03:08,0.0024065628,
2019-12-10 02:04:08,0.0023988991,
2019-12-10 02:05:08,0.0022849636,
2019-12-10 02:06:08,0.0021591415,
2019-12-10 02:07:08,0.0020495281,
2019-12-10 02:08:08,0.0018650684,
2019-12-10 02:09:08,0.0017875633,
2019-12-10 02:10:08,0.0018023052,
2019-12-10 02:11:08,0.0018611279,
2019-12-10 02:12:08,0.001891655,
2019-12-10 02:13:08,0.0019526138,
2019-12-10 02:14:08,0.002032835,
2019-12-10 02:15:08,0.0020970612,
2019-12-10 02:16:08,0.0020630493,
2019-12-10 02:17:08,0.0020500412,
2019-12-10 02:18:08,0.0020625362,
2019-12-10 02:19:08,0.0020708542,
2019-12-10 02:20:08,0.0020675068,
2019-12-10 02:21:08,0.0020470428,
2019-12-10 02:22:08,0.0018914185,
2019-12-10 02:23:08,0.001705555,
2019-12-10 02:24:08,0.0014799747,
2019-12-10 02:25:08,0.0011777573,
2019-12-10 02:26:08,0.0009809322,
2019-12-10 02:27:08,0.0008150444,
2019-12-10 02:28:08,0.0006684856,
2019-12-10 02:29:08,0.000594429,
2019-12-10 02:30:08,0.0007213402,
2019-12-10 02:31:08,0.0011382465,
2019-12-10 02:32:08,0.0015490417,
2019-12-10 02:33:08,0.0019381752,
2019-12-10 02:34:08,0.0023289127,
2019-12-10 02:35:08,0.00238937,
2019-12-10 02:36:08,0.0024320107,
2019-12-10 02:37:08,0.0023120232,
2019-12-10 02:38:08,0.0022191715,
2019-12-10 02:39:08,0.0020877495,
2019-12-10 02:40:08,0.0019296494,
2019-12-10 02:41:08,0.0018658123,
2019-12-10 02:42:08,0.0018231316,
2019-12-10 02:43:08,0.0017823257,
2019-12-10 02:44:08,0.0018112946,
2019-12-10 02:45:08,0.0019085712,
2019-12-10 02:46:08,0.0019434185,
2019-12-10 02:47:08,0.002076149,
2019-12-10 02:48:08,0.0021102543,
2019-12-10 02:49:08,0.0020985699,
2019-12-10 02:50:08,0.0020661907,
2019-12-10 02:51:08,0.0020737057,
2019-12-10 02:52:08,0.0019103489,
2019-12-10 02:53:08,0.0015958767,
2019-12-10 02:54:08,0.0010919304,
2019-12-10 02:55:08,0.0008116093,
2019-12-10 02:56:08,0.0005664444,
2019-12-10 02:57:08,0.0003249874,
2019-12-10 02:58:08,0.0002750149,
2019-12-10 02:59:08,0.0002123566,
2019-12-10 03:00:08,0.000418623,
2019-12-10 03:01:08,0.0010309906,
2019-12-10 03:02:08,0.0015034676,
2019-12-10 03:03:08,0.0019017925,
2019-12-10 03:04:08,0.0022755146,
2019-12-10 03:05:08,0.002421751,
2019-12-10 03:06:08,0.0024649963,
2019-12-10 03:07:08,0.0023282814,
2019-12-10 03:08:08,0.0021496658,
2019-12-10 03:09:08,0.0019707451,
2019-12-10 03:10:08,0.0018562851,
2019-12-10 03:11:08,0.0018241253,
2019-12-10 03:12:08,0.0017419453,
2019-12-10 03:13:08,0.0018284931,
2019-12-10 03:14:08,0.0019190521,
2019-12-10 03:15:08,0.0020088539,
2019-12-10 03:16:08,0.0020707684,
2019-12-10 03:17:08,0.0021241093,
2019-12-10 03:18:08,0.0021125145,
2019-12-10 03:19:08,0.0020786362,
2019-12-10 03:20:08,0.0020233707,
2019-12-10 03:21:08,0.0019292107,
2019-12-10 03:22:08,0.001776844,
2019-12-10 03:23:08,0.0015273094,
2019-12-10 03:24:08,0.0010951462,
2019-12-10 03:25:08,0.0007953606,
2019-12-10 03:26:08,0.0005710964,
2019-12-10 03:27:08,0.0003691559,
2019-12-10 03:28:08,0.0002734566,
2019-12-10 03:29:08,0.000208622,
2019-12-10 03:30:08,0.0005328617,
2019-12-10 03:31:08,0.0009706459,
2019-12-10 03:32:08,0.0015758572,
2019-12-10 03:33:08,0.0019442139,
2019-12-10 03:34:08,0.0022770157,
2019-12-10 03:35:08,0.0024506149,
2019-12-10 03:36:08,0.0024479752,
2019-12-10 03:37:08,0.0023359146,
2019-12-10 03:38:08,0.0021644306,
2019-12-10 03:39:08,0.0019439163,
2019-12-10 03:40:08,0.001832983,
2019-12-10 03:41:08,0.0017808132,
2019-12-10 03:42:08,0.0018086281,
2019-12-10 03:43:08,0.0018164349,
2019-12-10 03:44:08,0.0019167061,
2019-12-10 03:45:08,0.0019908733,
2019-12-10 03:46:08,0.0020786285,
2019-12-10 03:47:08,0.0021285954,
2019-12-10 03:48:08,0.0021599064,
2019-12-10 03:49:08,0.0020901508,
2019-12-10 03:50:08,0.0020876751,
2019-12-10 03:51:08,0.0018781376,
2019-12-10 03:52:08,0.001568634,
2019-12-10 03:53:08,0.0011051407,
2019-12-10 03:54:08,0.0007985954,
2019-12-10 03:55:08,0.0005707664,
2019-12-10 03:56:08,0.0003507366,
2019-12-10 03:57:08,0.0002531853,
2019-12-10 03:58:08,0.0001837177,
2019-12-10 03:59:08,0.0001498489,
2019-12-10 04:00:08,0.0003986855,
2019-12-10 04:01:08,0.000911808,
2019-12-10 04:02:08,0.0015784149,
2019-12-10 04:03:08,0.0019619675,
2019-12-10 04:04:08,0.0022931938,
2019-12-10 04:05:08,0.0025177631,
2019-12-10 04:06:08,0.002459877,
2019-12-10 04:07:08,0.0022994995,
2019-12-10 04:08:08,0.0020490398,
2019-12-10 04:09:08,0.0019431686,
2019-12-10 04:10:08,0.0018909836,
2019-12-10 04:11:08,0.0018135929,
2019-12-10 04:12:08,0.001808918,
2019-12-10 04:13:08,0.001846344,
2019-12-10 04:14:08,0.0018834572,
2019-12-10 04:15:08,0.0019580803,
2019-12-10 04:16:08,0.0020021534,
2019-12-10 04:17:08,0.0020481377,
2019-12-10 04:18:08,0.0021011124,
2019-12-10 04:19:08,0.0021432877,
2019-12-10 04:20:08,0.0021134624,
2019-12-10 04:21:08,0.0019639053,
2019-12-10 04:22:08,0.0016337471,
2019-12-10 04:23:08,0.001316185,
2019-12-10 04:24:08,0.0010286961,
2019-12-10 04:25:08,0.0007251263,
2019-12-10 04:26:08,0.0005625019,
2019-12-10 04:27:08,0.0004402218,
2019-12-10 04:28:08,0.0003254585,
2019-12-10 04:29:08,0.0002724113,
2019-12-10 04:30:08,0.0004257126,
2019-12-10 04:31:08,0.0010622673,
2019-12-10 04:32:08,0.0015397949,
2019-12-10 04:33:08,0.0019871407,
2019-12-10 04:34:08,0.0023375969,
2019-12-10 04:35:08,0.0025342178,
2019-12-10 04:36:08,0.0024824162,
2019-12-10 04:37:08,0.0022904911,
2019-12-10 04:38:08,0.0020741348,
2019-12-10 04:39:08,0.0019265175,
2019-12-10 04:40:08,0.0018354836,
2019-12-10 04:41:08,0.001834116,
2019-12-10 04:42:08,0.0018298378,
2019-12-10 04:43:08,0.0018509884,
2019-12-10 04:44:08,0.0019050274,
2019-12-10 04:45:08,0.0019993725,
2019-12-10 04:46:08,0.0020509281,
2019-12-10 04:47:08,0.0020822868,
2019-12-10 04:48:08,0.0020879555,
2019-12-10 04:49:08,0.0020533619,
2019-12-10 04:50:08,0.0018856449,
2019-12-10 04:51:08,0.0014925785,
2019-12-10 04:52:08,0.00113908,
2019-12-10 04:53:08,0.0008111153,
2019-12-10 04:54:08,0.0004943733,
2019-12-10 04:55:08,0.0003402023,
2019-12-10 04:56:08,0.0002549953,
2019-12-10 04:57:08,0.0001879692,
2019-12-10 04:58:08,0.0001298599,
2019-12-10 04:59:08,0.0000932961,
2019-12-10 05:00:08,0.0004059906,
2019-12-10 05:01:08,0.000941803,
2019-12-10 05:02:08,0.0014386635,
2019-12-10 05:03:08,0.0020850372,
2019-12-10 05:04:08,0.0023587456,
2019-12-10 05:05:08,0.002496769,
2019-12-10 05:06:08,0.0024580784,
2019-12-10 05:07:08,0.0023195572,
2019-12-10 05:08:08,0.0021429367,
2019-12-10 05:09:08,0.0019540596,
2019-12-10 05:10:08,0.0018167152,
2019-12-10 05:11:08,0.0016732063,
2019-12-10 05:12:08,0.0017089424,
2019-12-10 05:13:08,0.0017673626,
2019-12-10 05:14:08,0.0019373779,
2019-12-10 05:15:08,0.0020276566,
2019-12-10 05:16:08,0.002100769,
2019-12-10 05:17:08,0.0021108379,
2019-12-10 05:18:08,0.0021317387,
2019-12-10 05:19:08,0.0021349125,
2019-12-10 05:20:08,0.0019582272,
2019-12-10 05:21:08,0.0016634827,
2019-12-10 05:22:08,0.0012534943,
2019-12-10 05:23:08,0.0009615498,
2019-12-10 05:24:08,0.000710331,
2019-12-10 05:25:08,0.0004722576,
2019-12-10 05:26:08,0.000336565,
2019-12-10 05:27:08,0.000239397,
2019-12-10 05:28:08,0.0001649246,
2019-12-10 05:29:08,0.0001295815,
2019-12-10 05:30:08,0.0001075802,
2019-12-10 05:31:08,0.0004866924,
2019-12-10 05:32:08,0.0009911842,
2019-12-10 05:33:08,0.0014825478,
2019-12-10 05:34:08,0.0020411301,
2019-12-10 05:35:08,0.0023356876,
2019-12-10 05:36:08,0.0024657593,
2019-12-10 05:37:08,0.0024976883,
2019-12-10 05:38:08,0.0022992916,
2019-12-10 05:39:08,0.0021684589,
2019-12-10 05:40:08,0.0020514965,
2019-12-10 05:41:08,0.0019576778,
2019-12-10 05:42:08,0.0018540554,
2019-12-10 05:43:08,0.0017715683,
2019-12-10 05:44:08,0.0017244377,
2019-12-10 05:45:08,0.0017356033,
2019-12-10 05:46:08,0.0018758659,
2019-12-10 05:47:08,0.0018184853,
2019-12-10 05:48:08,0.0016211815,
2019-12-10 05:49:08,0.0012897148,
2019-12-10 05:50:08,0.0010355778,
2019-12-10 05:51:08,0.0007638226,
2019-12-10 05:52:08,0.0004929981,
2019-12-10 05:53:08,0.0003387432,
2019-12-10 05:54:08,0.0002473259,
2019-12-10 05:55:08,0.0001634197,
2019-12-10 05:56:08,0.0001323471,
2019-12-10 05:57:08,0.0001100903,
2019-12-10 05:58:08,0.0001014938,
2019-12-10 05:59:08,0.000092207,
2019-12-10 06:00:08,0.000083662,
2019-12-10 06:01:08,0.0004190063,
2019-12-10 06:02:08,0.0008866043,
2019-12-10 06:03:08,0.0015943832,
2019-12-10 06:04:08,0.0020493412,
2019-12-10 06:05:08,0.0023797588,
2019-12-10 06:06:08,0.0025733643,
2019-12-10 06:07:08,0.0026297894,
2019-12-10 06:08:08,0.0024033146,
2019-12-10 06:09:08,0.0019896774,
2019-12-10 06:10:08,0.0018203564,
2019-12-10 06:11:08,0.0017618713,
2019-12-10 06:12:08,0.0016995258,
2019-12-10 06:13:08,0.0017564335,
2019-12-10 06:14:08,0.0018105583,
2019-12-10 06:15:08,0.001957901,
2019-12-10 06:16:08,0.0020969696,
2019-12-10 06:17:08,0.0021548805,
2019-12-10 06:18:08,0.0020598774,
2019-12-10 06:19:08,0.0018259277,
2019-12-10 06:20:08,0.0013852024,
2019-12-10 06:21:08,0.0010497265,
2019-12-10 06:22:08,0.0007881222,
2019-12-10 06:23:08,0.000526226,
2019-12-10 06:24:08,0.0003951492,
2019-12-10 06:25:08,0.0003086662,
2019-12-10 06:26:08,0.0002308273,
2019-12-10 06:27:08,0.0001911697,
2019-12-10 06:28:08,0.00016399,
2019-12-10 06:29:08,0.0001408119,
2019-12-10 06:30:08,0.0001296349,
2019-12-10 06:31:08,0.0004035149,
2019-12-10 06:32:08,0.0010514565,
2019-12-10 06:33:08,0.0015751152,
2019-12-10 06:34:08,0.0019507885,
2019-12-10 06:35:08,0.0023992558,
2019-12-10 06:36:08,0.0026331081,
2019-12-10 06:37:08,0.002712471,
2019-12-10 06:38:08,0.0024595375,
2019-12-10 06:39:08,0.0022007828,
2019-12-10 06:40:08,0.0019077396,
2019-12-10 06:41:08,0.0016812477,
2019-12-10 06:42:08,0.0016060696,
2019-12-10 06:43:08,0.0016391907,
2019-12-10 06:44:08,0.0017919235,
2019-12-10 06:45:08,0.0019194775,
2019-12-10 06:46:08,0.0020614395,
2019-12-10 06:47:08,0.0022463627,
2019-12-10 06:48:08,0.0022615299,
2019-12-10 06:49:08,0.0020478611,
2019-12-10 06:50:08,0.0017579727,
2019-12-10 06:51:08,0.001404211,
2019-12-10 06:52:08,0.0009240952,
2019-12-10 06:53:08,0.0006380272,
2019-12-10 06:54:08,0.0004291058,
2019-12-10 06:55:08,0.0003120537,
2019-12-10 06:56:08,0.0002676907,
2019-12-10 06:57:08,0.0002251759,
2019-12-10 06:58:08,0.000215744,
2019-12-10 06:59:08,0.0002148724,
2019-12-10 07:00:08,0.0002068138,
2019-12-10 07:01:08,0.0004835224,
2019-12-10 07:02:08,0.0009787292,
2019-12-10 07:03:08,0.001525034,
2019-12-10 07:04:08,0.0020903149,
2019-12-10 07:05:08,0.0023779106,
2019-12-10 07:06:08,0.0025148487,
2019-12-10 07:07:08,0.0025101967,
2019-12-10 07:08:08,0.0024389915,
2019-12-10 07:09:08,0.0021196709,
2019-12-10 07:10:08,0.0019046993,
2019-12-10 07:11:08,0.0018290558,
2019-12-10 07:12:08,0.0017742996,
2019-12-10 07:13:08,0.0018190994,
2019-12-10 07:14:08,0.0018247681,
2019-12-10 07:15:08,0.0018940277,
2019-12-10 07:16:08,0.0019613113,
2019-12-10 07:17:08,0.0020308247,
2019-12-10 07:18:08,0.0020738106,
2019-12-10 07:19:08,0.0021564255,
2019-12-10 07:20:08,0.002135561,
2019-12-10 07:21:08,0.0021401253,
2019-12-10 07:22:08,0.0021775703,
2019-12-10 07:23:08,0.0020044823,
2019-12-10 07:24:08,0.0016276016,
2019-12-10 07:25:08,0.0013256245,
2019-12-10 07:26:08,0.0010926189,
2019-12-10 07:27:08,0.0007741795,
2019-12-10 07:28:08,0.0006012058,
2019-12-10 07:29:08,0.0004940643,
2019-12-10 07:30:08,0.0003285637,
2019-12-10 07:31:08,0.0002269287,
2019-12-10 07:32:08,0.0004625511,
2019-12-10 07:33:08,0.0011275311,
2019-12-10 07:34:08,0.0016305084,
2019-12-10 07:35:08,0.0020805836,
2019-12-10 07:36:08,0.0024898796,
2019-12-10 07:37:08,0.0026366425,
2019-12-10 07:38:08,0.0025986958,
2019-12-10 07:39:08,0.0023778019,
2019-12-10 07:40:08,0.0020906658,
2019-12-10 07:41:08,0.0018139877,
2019-12-10 07:42:08,0.0017124615,
2019-12-10 07:43:08,0.0016987038,
2019-12-10 07:44:08,0.0017397308,
2019-12-10 07:45:08,0.0018475571,
2019-12-10 07:46:08,0.0020065136,
2019-12-10 07:47:08,0.0022404366,
2019-12-10 07:48:08,0.0022352448,
2019-12-10 07:49:08,0.0021980572,
2019-12-10 07:50:08,0.0021621723,
2019-12-10 07:51:08,0.0021707401,
2019-12-10 07:52:08,0.002084362,
2019-12-10 07:53:08,0.0019546394,
2019-12-10 07:54:08,0.0019094772,
2019-12-10 07:55:08,0.0017257938,
2019-12-10 07:56:08,0.0015473671,
2019-12-10 07:57:08,0.001373045,
2019-12-10 07:58:08,0.0011438866,
2019-12-10 07:59:08,0.0009421616,
2019-12-10 08:00:08,0.0007255135,
2019-12-10 08:01:08,0.0005089703,
2019-12-10 08:02:08,0.0003857346,
2019-12-10 08:03:08,0.0003023949,
2019-12-10 08:04:08,0.0002252998,
2019-12-10 08:05:08,0.0004338989,
2019-12-10 08:06:08,0.0009376945,
2019-12-10 08:07:08,0.0016846828,
2019-12-10 08:08:08,0.0021201687,
2019-12-10 08:09:08,0.0024430523,
2019-12-10 08:10:08,0.0026049213,
2019-12-10 08:11:08,0.0025352001,
2019-12-10 08:12:08,0.0023693047,
2019-12-10 08:13:08,0.0020475407,
2019-12-10 08:14:08,0.0018789673,
2019-12-10 08:15:08,0.0018320408,
2019-12-10 08:16:08,0.0017937908,
2019-12-10 08:17:08,0.0018417702,
2019-12-10 08:18:08,0.0019071579,
2019-12-10 08:19:08,0.0019973679,
2019-12-10 08:20:08,0.0020289402,
2019-12-10 08:21:08,0.0020795021,
2019-12-10 08:22:08,0.0020615311,
2019-12-10 08:23:08,0.0020773926,
2019-12-10 08:24:08,0.0020304737,
2019-12-10 08:25:08,0.0020049438,
2019-12-10 08:26:08,0.0019065113,
2019-12-10 08:27:08,0.0018188229,
2019-12-10 08:28:08,0.0016126881,
2019-12-10 08:29:08,0.0013780823,
2019-12-10 08:30:08,0.0011183281,
2019-12-10 08:31:08,0.0008731842,
2019-12-10 08:32:08,0.0007592411,
2019-12-10 08:33:08,0.0006696758,
2019-12-10 08:34:08,0.0006025753,
2019-12-10 08:35:08,0.0007185841,
2019-12-10 08:36:08,0.0011214638,
2019-12-10 08:37:08,0.0017093658,
2019-12-10 08:38:08,0.0022391644,
2019-12-10 08:39:08,0.0025043888,
2019-12-10 08:40:08,0.0026497631,
2019-12-10 08:41:08,0.0025484123,
2019-12-10 08:42:08,0.0023835716,
2019-12-10 08:43:08,0.002048933,
2019-12-10 08:44:08,0.0019461498,
2019-12-10 08:45:08,0.0018681126,
2019-12-10 08:46:08,0.0018305416,
2019-12-10 08:47:08,0.0018356609,
2019-12-10 08:48:08,0.0018770905,
2019-12-10 08:49:08,0.001960762,
2019-12-10 08:50:08,0.0019896679,
2019-12-10 08:51:08,0.0020898342,
2019-12-10 08:52:08,0.0021127911,
2019-12-10 08:53:08,0.0020810528,
2019-12-10 08:54:08,0.0020908451,
2019-12-10 08:55:08,0.0020702934,
2019-12-10 08:56:08,0.0019009762,
2019-12-10 08:57:08,0.0015963726,
2019-12-10 08:58:08,0.0013756409,
2019-12-10 08:59:08,0.0011741238,
2019-12-10 09:00:08,0.0008725147,
2019-12-10 09:01:08,0.0007097454,
2019-12-10 09:02:08,0.0005580902,
2019-12-10 09:03:08,0.0004083347,
2019-12-10 09:04:08,0.0003063526,
2019-12-10 09:05:08,0.0002190647,
2019-12-10 09:06:08,0.0005505314,
2019-12-10 09:07:08,0.0009952831,
2019-12-10 09:08:08,0.0015865288,
2019-12-10 09:09:08,0.0022235355,
2019-12-10 09:10:08,0.0025529804,
2019-12-10 09:11:08,0.0027538109,
2019-12-10 09:12:08,0.002649622,
2019-12-10 09:13:08,0.002370697,
2019-12-10 09:14:08,0.0022266598,
2019-12-10 09:15:08,0.0020344353,
2019-12-10 09:16:08,0.0019587021,
2019-12-10 09:17:08,0.00183535,
2019-12-10 09:18:08,0.0017536907,
2019-12-10 09:19:08,0.0017853699,
2019-12-10 09:20:08,0.0019056435,
2019-12-10 09:21:08,0.0020176125,
2019-12-10 09:22:08,0.0021027679,
2019-12-10 09:23:08,0.0020893574,
2019-12-10 09:24:08,0.0020819321,
2019-12-10 09:25:08,0.0020953655,
2019-12-10 09:26:08,0.0021393776,
2019-12-10 09:27:08,0.0020411129,
2019-12-10 09:28:08,0.0019945412,
2019-12-10 09:29:08,0.0020270653,
2019-12-10 09:30:08,0.0020450001,
2019-12-10 09:31:08,0.0019826508,
2019-12-10 09:32:08,0.0018997974,
2019-12-10 09:33:08,0.0017994328,
2019-12-10 09:34:08,0.0016287613,
2019-12-10 09:35:08,0.0014082794,
2019-12-10 09:36:08,0.001167572,
2019-12-10 09:37:08,0.0010306244,
2019-12-10 09:38:08,0.0009288063,
2019-12-10 09:39:08,0.0008516045,
2019-12-10 09:40:08,0.0011699314,
2019-12-10 09:41:08,0.0016226959,
2019-12-10 09:42:08,0.0022475357,
2019-12-10 09:43:08,0.0025767155,
2019-12-10 09:44:08,0.002750351,
2019-12-10 09:45:08,0.0027527142,
2019-12-10 09:46:08,0.002563776,
2019-12-10 09:47:08,0.0023338776,
2019-12-10 09:48:08,0.0020516911,
2019-12-10 09:49:08,0.0019655495,
2019-12-10 09:50:08,0.0018709698,
2019-12-10 09:51:08,0.0018289089,
2019-12-10 09:52:08,0.0018801689,
2019-12-10 09:53:08,0.001925005,
2019-12-10 09:54:08,0.0019544792,
2019-12-10 09:55:08,0.0020493793,
2019-12-10 09:56:08,0.0021462955,
2019-12-10 09:57:08,0.0022281933,
2019-12-10 09:58:08,0.0021718502,
2019-12-10 09:59:08,0.0020048828,
2019-12-10 10:00:08,0.001730732,
2019-12-10 10:01:08,0.0015147686,
2019-12-10 10:02:08,0.0013215771,
2019-12-10 10:03:08,0.0011225529,
2019-12-10 10:04:08,0.0009793854,
2019-12-10 10:05:08,0.0008218212,
2019-12-10 10:06:08,0.0005625629,
2019-12-10 10:07:08,0.0004279022,
2019-12-10 10:08:08,0.000339365,
2019-12-10 10:09:08,0.0005562935,
2019-12-10 10:10:08,0.0010699825,
2019-12-10 10:11:08,0.0016045799,
2019-12-10 10:12:08,0.0022403107,
2019-12-10 10:13:08,0.0025846024,
2019-12-10 10:14:08,0.0027747898,
2019-12-10 10:15:08,0.0026408596,
2019-12-10 10:16:08,0.0023244324,
2019-12-10 10:17:08,0.0021181393,
2019-12-10 10:18:08,0.0021453609,
2019-12-10 10:19:08,0.0020707169,
2019-12-10 10:20:08,0.0019713764,
2019-12-10 10:21:08,0.0018835125,
2019-12-10 10:22:08,0.001876833,
2019-12-10 10:23:08,0.0018915939,
2019-12-10 10:24:08,0.0019562664,
2019-12-10 10:25:08,0.0020248222,
2019-12-10 10:26:08,0.0021093674,
2019-12-10 10:27:08,0.0020700302,
2019-12-10 10:28:08,0.0020155754,
2019-12-10 10:29:08,0.001945118,
2019-12-10 10:30:08,0.0018825798,
2019-12-10 10:31:08,0.0018186817,
2019-12-10 10:32:08,0.0016948605,
2019-12-10 10:33:08,0.0014857426,
2019-12-10 10:34:08,0.0013407955,
2019-12-10 10:35:08,0.0012239208,
2019-12-10 10:36:08,0.0010973816,
2019-12-10 10:37:08,0.001002533,
2019-12-10 10:38:08,0.0009014301,
2019-12-10 10:39:08,0.0008474483,
2019-12-10 10:40:08,0.0011903324,
2019-12-10 10:41:08,0.0016781101,
2019-12-10 10:42:08,0.0022736931,
2019-12-10 10:43:08,0.0025644875,
2019-12-10 10:44:08,0.0028193245,
2019-12-10 10:45:08,0.0027729263,
2019-12-10 10:46:08,0.0025178318,
2019-12-10 10:47:08,0.0021563187,
2019-12-10 10:48:08,0.0021524887,
2019-12-10 10:49:08,0.0021470966,
2019-12-10 10:50:08,0.002151619,
2019-12-10 10:51:08,0.0019813309,
2019-12-10 10:52:08,0.001849575,
2019-12-10 10:53:08,0.0017811775,
2019-12-10 10:54:08,0.0017788239,
2019-12-10 10:55:08,0.0019059372,
2019-12-10 10:56:08,0.0019803886,
2019-12-10 10:57:08,0.0020676098,
2019-12-10 10:58:08,0.0021747017,
2019-12-10 10:59:08,0.0022376995,
2019-12-10 11:00:08,0.0020935764,
2019-12-10 11:01:08,0.0018282146,
2019-12-10 11:02:08,0.0016082535,
2019-12-10 11:03:08,0.0013522682,
2019-12-10 11:04:08,0.0012329693,
2019-12-10 11:05:08,0.0011482353,
2019-12-10 11:06:08,0.0009991341,
2019-12-10 11:07:08,0.0008568115,
2019-12-10 11:08:08,0.0007209663,
2019-12-10 11:09:08,0.0005560322,
2019-12-10 11:10:08,0.0006228046,
2019-12-10 11:11:08,0.0010204105,
2019-12-10 11:12:08,0.0017374706,
2019-12-10 11:13:08,0.0022060089,
2019-12-10 11:14:08,0.0026925144,
2019-12-10 11:15:08,0.0027777691,
2019-12-10 11:16:08,0.0026820164,
2019-12-10 11:17:08,0.0023223152,
2019-12-10 11:18:08,0.002084837,
2019-12-10 11:19:08,0.0020927372,
2019-12-10 11:20:08,0.002033989,
2019-12-10 11:21:08,0.0019307899,
2019-12-10 11:22:08,0.0018923893,
2019-12-10 11:23:08,0.0018929691,
2019-12-10 11:24:08,0.0019286747,
2019-12-10 11:25:08,0.001994812,
2019-12-10 11:26:08,0.002091013,
2019-12-10 11:27:08,0.0020588074,
2019-12-10 11:28:08,0.0020102959,
2019-12-10 11:29:08,0.001994194,
2019-12-10 11:30:08,0.001936039,
2019-12-10 11:31:08,0.0017786617,
2019-12-10 11:32:08,0.0014922771,
2019-12-10 11:33:08,0.0012385883,
2019-12-10 11:34:08,0.0010101604,
2019-12-10 11:35:08,0.0007389698,
2019-12-10 11:36:08,0.0005597305,
2019-12-10 11:37:08,0.0004223633,
2019-12-10 11:38:08,0.0002862568,
2019-12-10 11:39:08,0.0002154312,
2019-12-10 11:40:08,0.0004471951,
2019-12-10 11:41:08,0.0011878281,
2019-12-10 11:42:08,0.0016964626,
2019-12-10 11:43:08,0.002114666,
2019-12-10 11:44:08,0.0025989666,
2019-12-10 11:45:08,0.0027848759,
2019-12-10 11:46:08,0.0027096062,
2019-12-10 11:47:08,0.002500618,
2019-12-10 11:48:08,0.002202774,
2019-12-10 11:49:08,0.0020285149,
2019-12-10 11:50:08,0.001988575,
2019-12-10 11:51:08,0.0019741306,
2019-12-10 11:52:08,0.0018961773,
2019-12-10 11:53:08,0.001948658,
2019-12-10 11:54:08,0.0019644527,
2019-12-10 11:55:08,0.0020025272,
2019-12-10 11:56:08,0.0020246086,
2019-12-10 11:57:08,0.0020221596,
2019-12-10 11:58:08,0.002044981,
2019-12-10 11:59:08,0.0020652905,
2019-12-10 12:00:08,0.0020123272,
2019-12-10 12:01:08,0.0018112545,
2019-12-10 12:02:08,0.0016156311,
2019-12-10 12:03:08,0.0013074112,
2019-12-10 12:04:08,0.0011175308,
2019-12-10 12:05:08,0.0009499073,
2019-12-10 12:06:08,0.000745079,
2019-12-10 12:07:08,0.0006036072,
2019-12-10 12:08:08,0.0004805202,
2019-12-10 12:09:08,0.00035952,
2019-12-10 12:10:08,0.0005191383,
2019-12-10 12:11:08,0.0009776115,
2019-12-10 12:12:08,0.0017346287,
2019-12-10 12:13:08,0.0022819996,
2019-12-10 12:14:08,0.0025355949,
2019-12-10 12:15:08,0.0027027054,
2019-12-10 12:16:08,0.0026468277,
2019-12-10 12:17:08,0.0024201488,
2019-12-10 12:18:08,0.0020375729,
2019-12-10 12:19:08,0.0020849838,
2019-12-10 12:20:08,0.0020921612,
2019-12-10 12:21:08,0.0020154839,
2019-12-10 12:22:08,0.0019336224,
2019-12-10 12:23:08,0.0018831024,
2019-12-10 12:24:08,0.0019414158,
2019-12-10 12:25:08,0.0019653816,
2019-12-10 12:26:08,0.0019908485,
2019-12-10 12:27:08,0.0020223198,
2019-12-10 12:28:08,0.0020458965,
2019-12-10 12:29:08,0.002076786,
2019-12-10 12:30:08,0.0019397812,
2019-12-10 12:31:08,0.0019296627,
2019-12-10 12:32:08,0.0018959045,
2019-12-10 12:33:08,0.0018230476,
2019-12-10 12:34:08,0.0017783451,
2019-12-10 12:35:08,0.0017510986,
2019-12-10 12:36:08,0.0017327385,
2019-12-10 12:37:08,0.0016576805,
2019-12-10 12:38:08,0.0015186577,
2019-12-10 12:39:08,0.0012880764,
2019-12-10 12:40:08,0.0010339813,
2019-12-10 12:41:08,0.0010830917,
2019-12-10 12:42:08,0.001569416,
2019-12-10 12:43:08,0.0020197124,
2019-12-10 12:44:08,0.0025724316,
2019-12-10 12:45:08,0.0028754578,
2019-12-10 12:46:08,0.002909235,
2019-12-10 12:47:08,0.002609602,
2019-12-10 12:48:08,0.0024267502,
2019-12-10 12:49:08,0.0023077316,
2019-12-10 12:50:08,0.0021406002,
2019-12-10 12:51:08,0.001953701,
2019-12-10 12:52:08,0.0018401794,
2019-12-10 12:53:08,0.0018023872,
2019-12-10 12:54:08,0.0018177795,
2019-12-10 12:55:08,0.0018899269,
2019-12-10 12:56:08,0.0020150433,
2019-12-10 12:57:08,0.0020762558,
2019-12-10 12:58:08,0.002104641,
2019-12-10 12:59:08,0.002123457,
2019-12-10 13:00:08,0.0020519161,
2019-12-10 13:01:08,0.0018617725,
2019-12-10 13:02:08,0.0015890617,
2019-12-10 13:03:08,0.0013511238,
2019-12-10 13:04:08,0.0010868015,
2019-12-10 13:05:08,0.0007690353,
2019-12-10 13:06:08,0.0005866528,
2019-12-10 13:07:08,0.0004433594,
2019-12-10 13:08:08,0.0003088131,
2019-12-10 13:09:08,0.0002434444,
2019-12-10 13:10:08,0.0004791298,
2019-12-10 13:11:08,0.0011889038,
2019-12-10 13:12:08,0.0017350159,
2019-12-10 13:13:08,0.0022206173,
2019-12-10 13:14:08,0.0026484184,
2019-12-10 13:15:08,0.0027337208,
2019-12-10 13:16:08,0.0026484833,
2019-12-10 13:17:08,0.0023091717,
2019-12-10 13:18:08,0.0019910812,
2019-12-10 13:19:08,0.0020746975,
2019-12-10 13:20:08,0.0021289425,
2019-12-10 13:21:08,0.0021285381,
2019-12-10 13:22:08,0.0020645599,
2019-12-10 13:23:08,0.0018863506,
2019-12-10 13:24:08,0.0018325882,
2019-12-10 13:25:08,0.001834631,
2019-12-10 13:26:08,0.0018355713,
2019-12-10 13:27:08,0.0018905067,
2019-12-10 13:28:08,0.0019805832,
2019-12-10 13:29:08,0.0020915813,
2019-12-10 13:30:08,0.0020806923,
2019-12-10 13:31:08,0.0019708881,
2019-12-10 13:32:08,0.0017430058,
2019-12-10 13:33:08,0.0015565796,
2019-12-10 13:34:08,0.0013898678,
2019-12-10 13:35:08,0.0011717548,
2019-12-10 13:36:08,0.0010201321,
2019-12-10 13:37:08,0.0008669262,
2019-12-10 13:38:08,0.0007104759,
2019-12-10 13:39:08,0.0006114197,
2019-12-10 13:40:08,0.000704895,
2019-12-10 13:41:08,0.0012545853,
2019-12-10 13:42:08,0.0017413692,
2019-12-10 13:43:08,0.0022432137,
2019-12-10 13:44:08,0.0026959114,
2019-12-10 13:45:08,0.002820816,
2019-12-10 13:46:08,0.0027888374,
2019-12-10 13:47:08,0.0024892426,
2019-12-10 13:48:08,0.0021885605,
2019-12-10 13:49:08,0.0020802269,
2019-12-10 13:50:08,0.0020955238,
2019-12-10 13:51:08,0.0020092163,
2019-12-10 13:52:08,0.0019380379,
2019-12-10 13:53:08,0.001964777,
2019-12-10 13:54:08,0.0019306068,
2019-12-10 13:55:08,0.0019612236,
2019-12-10 13:56:08,0.0020212402,
2019-12-10 13:57:08,0.0020178719,
2019-12-10 13:58:08,0.0020491562,
2019-12-10 13:59:08,0.0020502853,
2019-12-10 14:00:08,0.0019205971,
2019-12-10 14:01:08,0.0017185764,
2019-12-10 14:02:08,0.0014637184,
2019-12-10 14:03:08,0.0012637444,
2019-12-10 14:04:08,0.0010961399,
2019-12-10 14:05:08,0.0009103909,
2019-12-10 14:06:08,0.0008072186,
2019-12-10 14:07:08,0.000690773,
2019-12-10 14:08:08,0.0005687866,
2019-12-10 14:09:08,0.0004597321,
2019-12-10 14:10:08,0.000614563,
2019-12-10 14:11:08,0.001086628,
2019-12-10 14:12:08,0.0017858543,
2019-12-10 14:13:08,0.0022822952,
2019-12-10 14:14:08,0.0026397858,
2019-12-10 14:15:08,0.0027625885,
2019-12-10 14:16:08,0.0026509209,
2019-12-10 14:17:08,0.0023196087,
2019-12-10 14:18:08,0.0021665878,
2019-12-10 14:19:08,0.0022274513,
2019-12-10 14:20:08,0.0022009201,
2019-12-10 14:21:08,0.002006628,
2019-12-10 14:22:08,0.0018919582,
2019-12-10 14:23:08,0.0018116379,
2019-12-10 14:24:08,0.0018018627,
2019-12-10 14:25:08,0.0018371735,
2019-12-10 14:26:08,0.0018826885,
2019-12-10 14:27:08,0.0020204086,
2019-12-10 14:28:08,0.0021333714,
2019-12-10 14:29:08,0.002152277,
2019-12-10 14:30:08,0.0020709648,
2019-12-10 14:31:08,0.0018870354,
2019-12-10 14:32:08,0.0016257572,
2019-12-10 14:33:08,0.0014655876,
2019-12-10 14:34:08,0.0013368073,
2019-12-10 14:35:08,0.0011754856,
2019-12-10 14:36:08,0.0010506859,
2019-12-10 14:37:08,0.0009124222,
2019-12-10 14:38:08,0.0007205429,
2019-12-10 14:39:08,0.0005894756,
2019-12-10 14:40:08,0.00047192,
2019-12-10 14:41:08,0.0006322403,
2019-12-10 14:42:08,0.0011310444,
2019-12-10 14:43:08,0.0016114407,
2019-12-10 14:44:08,0.0022584782,
2019-12-10 14:45:08,0.0026452866,
2019-12-10 14:46:08,0.002816946,
2019-12-10 14:47:08,0.0026648903,
2019-12-10 14:48:08,0.002336607,
2019-12-10 14:49:08,0.0021542377,
2019-12-10 14:50:08,0.0021481781,
2019-12-10 14:51:08,0.0020993843,
2019-12-10 14:52:08,0.0019953861,
2019-12-10 14:53:08,0.0018763199,
2019-12-10 14:54:08,0.0018990517,
2019-12-10 14:55:08,0.0019038715,
2019-12-10 14:56:08,0.0019688473,
2019-12-10 14:57:08,0.0020100594,
2019-12-10 14:58:08,0.0019716778,
2019-12-10 14:59:08,0.0019806156,
2019-12-10 15:00:08,0.0020569916,
2019-12-10 15:01:08,0.0020883274,
2019-12-10 15:02:08,0.0020482025,
2019-12-10 15:03:08,0.0020008278,
2019-12-10 15:04:08,0.0021091995,
2019-12-10 15:05:08,0.0020104713,
2019-12-10 15:06:08,0.0017912178,
2019-12-10 15:07:08,0.0014918289,
2019-12-10 15:08:08,0.0013080883,
2019-12-10 15:09:08,0.0011721172,
2019-12-10 15:10:08,0.0010416145,
2019-12-10 15:11:08,0.0009686012,
2019-12-10 15:12:08,0.0008852692,
2019-12-10 15:13:08,0.0007105331,
2019-12-10 15:14:08,0.0005794411,
2019-12-10 15:15:08,0.0004137993,
2019-12-10 15:16:08,0.0005482483,
2019-12-10 15:17:08,0.0010353928,
2019-12-10 15:18:08,0.0017262993,
2019-12-10 15:19:08,0.0022407036,
2019-12-10 15:20:08,0.0026127777,
2019-12-10 15:21:08,0.0027790985,
2019-12-10 15:22:08,0.0026501694,
2019-12-10 15:23:08,0.0022874069,
2019-12-10 15:24:08,0.0021280022,
2019-12-10 15:25:08,0.0021799622,
2019-12-10 15:26:08,0.0021399975,
2019-12-10 15:27:08,0.002046484,
2019-12-10 15:28:08,0.0019443722,
2019-12-10 15:29:08,0.0018843422,
2019-12-10 15:30:08,0.0018844872,
2019-12-10 15:31:08,0.0018837643,
2019-12-10 15:32:08,0.0019694767,
2019-12-10 15:33:08,0.0020954018,
2019-12-10 15:34:08,0.0021233635,
2019-12-10 15:35:08,0.0021496677,
2019-12-10 15:36:08,0.0020388813,
2019-12-10 15:37:08,0.0018397369,
2019-12-10 15:38:08,0.0016152153,
2019-12-10 15:39:08,0.0013219604,
2019-12-10 15:40:08,0.0011449356,
2019-12-10 15:41:08,0.0009867134,
2019-12-10 15:42:08,0.0008009453,
2019-12-10 15:43:08,0.0006777325,
2019-12-10 15:44:08,0.0005726261,
2019-12-10 15:45:08,0.0004723396,
2019-12-10 15:46:08,0.0006065578,
2019-12-10 15:47:08,0.0010090828,
2019-12-10 15:48:08,0.0015642776,
2019-12-10 15:49:08,0.0022741871,
2019-12-10 15:50:08,0.0026006622,
2019-12-10 15:51:08,0.0027622261,
2019-12-10 15:52:08,0.0027086792,
2019-12-10 15:53:08,0.0022962418,
2019-12-10 15:54:08,0.0020337162,
2019-12-10 15:55:08,0.0022189579,
2019-12-10 15:56:08,0.0023096504,
2019-12-10 15:57:08,0.002081728,
2019-12-10 15:58:08,0.0018638248,
2019-12-10 15:59:08,0.0018076057,
2019-12-10 16:00:08,0.0017996254,
2019-12-10 16:01:08,0.0018484879,
2019-12-10 16:02:08,0.0019310894,
2019-12-10 16:03:08,0.0020171185,
2019-12-10 16:04:08,0.0020646267,
2019-12-10 16:05:08,0.0021001854,
2019-12-10 16:06:08,0.0021224976,
2019-12-10 16:07:08,0.002041872,
2019-12-10 16:08:08,0.0018812447,
2019-12-10 16:09:08,0.0017016296,
2019-12-10 16:10:08,0.0014239864,
2019-12-10 16:11:08,0.0012475834,
2019-12-10 16:12:08,0.0010839119,
2019-12-10 16:13:08,0.000963129,
2019-12-10 16:14:08,0.0007719383,
2019-12-10 16:15:08,0.0006242695,
2019-12-10 16:16:08,0.0005168438,
2019-12-10 16:17:08,0.0004125328,
2019-12-10 16:18:08,0.0005652752,
2019-12-10 16:19:08,0.0010389862,
2019-12-10 16:20:08,0.0017832985,
2019-12-10 16:21:08,0.0022333927,
2019-12-10 16:22:08,0.0025923653,
2019-12-10 16:23:08,0.0028481884,
2019-12-10 16:24:08,0.0027655945,
2019-12-10 16:25:08,0.0025537968,
2019-12-10 16:26:08,0.0021664066,
2019-12-10 16:27:08,0.0020633545,
2019-12-10 16:28:08,0.0020761013,
2019-12-10 16:29:08,0.001989954,
2019-12-10 16:30:08,0.0019335442,
2019-12-10 16:31:08,0.0018941936,
2019-12-10 16:32:08,0.0018564377,
2019-12-10 16:33:08,0.0018988762,
2019-12-10 16:34:08,0.0019715061,
2019-12-10 16:35:08,0.0020257053,
2019-12-10 16:36:08,0.0020919132,
2019-12-10 16:37:08,0.0020631275,
2019-12-10 16:38:08,0.0020650883,
2019-12-10 16:39:08,0.0020494061,
2019-12-10 16:40:08,0.0019524899,
2019-12-10 16:41:08,0.0018359413,
2019-12-10 16:42:08,0.0016944065,
2019-12-10 16:43:08,0.0015134258,
2019-12-10 16:44:08,0.0013768234,
2019-12-10 16:45:08,0.0012525272,
2019-12-10 16:46:08,0.0011029129,
2019-12-10 16:47:08,0.0009947529,
2019-12-10 16:48:08,0.000918581,
2019-12-10 16:49:08,0.0012357769,
2019-12-10 16:50:08,0.0016599751,
2019-12-10 16:51:08,0.0023139305,
2019-12-10 16:52:08,0.0027042999,
2019-12-10 16:53:08,0.0028628769,
2019-12-10 16:54:08,0.0028052826,
2019-12-10 16:55:08,0.0024996586,
2019-12-10 16:56:08,0.0020486202,
2019-12-10 16:57:08,0.0021403122,
2019-12-10 16:58:08,0.0022321472,
2019-12-10 16:59:08,0.0021429539,
2019-12-10 17:00:08,0.0020141888,
2019-12-10 17:01:08,0.0019772072,
2019-12-10 17:02:08,0.0018919754,
2019-12-10 17:03:08,0.0018716717,
2019-12-10 17:04:08,0.0018942108,
2019-12-10 17:05:08,0.0019508152,
2019-12-10 17:06:08,0.002002739,
2019-12-10 17:07:08,0.0020245647,
2019-12-10 17:08:08,0.002116333,
2019-12-10 17:09:08,0.002047905,
2019-12-10 17:10:08,0.0018461685,
2019-12-10 17:11:08,0.0015795212,
2019-12-10 17:12:08,0.0014124947,
2019-12-10 17:13:08,0.0012409172,
2019-12-10 17:14:08,0.0011336441,
2019-12-10 17:15:08,0.0010413628,
2019-12-10 17:16:08,0.0008923931,
2019-12-10 17:17:08,0.00071595,
2019-12-10 17:18:08,0.0006912346,
2019-12-10 17:19:08,0.0011545334,
2019-12-10 17:20:08,0.0017101994,
2019-12-10 17:21:08,0.0022325325,
2019-12-10 17:22:08,0.0027130356,
2019-12-10 17:23:08,0.0028989983,
2019-12-10 17:24:08,0.0027661667,
2019-12-10 17:25:08,0.0023433113,
2019-12-10 17:26:08,0.002182724,
2019-12-10 17:27:08,0.0022418327,
2019-12-10 17:28:08,0.0020804787,
2019-12-10 17:29:08,0.0019890404,
2019-12-10 17:30:08,0.0019001389,
2019-12-10 17:31:08,0.0018342056,
2019-12-10 17:32:08,0.001830019,
2019-12-10 17:33:08,0.0018732567,
2019-12-10 17:34:08,0.0019201221,
2019-12-10 17:35:08,0.0020291901,
2019-12-10 17:36:08,0.0020872841,
2019-12-10 17:37:08,0.0021502304,
2019-12-10 17:38:08,0.0021877861,
2019-12-10 17:39:08,0.0021587906,
2019-12-10 17:40:08,0.0021673393,
2019-12-10 17:41:08,0.0021479111,
2019-12-10 17:42:08,0.0020905781,
2019-12-10 17:43:08,0.0019973831,
2019-12-10 17:44:08,0.0019235382,
2019-12-10 17:45:08,0.0018540192,
2019-12-10 17:46:08,0.0017470036,
2019-12-10 17:47:08,0.0016716614,
2019-12-10 17:48:08,0.0013652325,
2019-12-10 17:49:08,0.001217495,
2019-12-10 17:50:08,0.0014345551,
2019-12-10 17:51:08,0.0018056297,
2019-12-10 17:52:08,0.0023864174,
2019-12-10 17:53:08,0.0027417793,
2019-12-10 17:54:08,0.0028459282,
2019-12-10 17:55:08,0.0026531448,
2019-12-10 17:56:08,0.0023465233,
2019-12-10 17:57:08,0.0021105938,
2019-12-10 17:58:08,0.0021231251,
2019-12-10 17:59:08,0.0021240788,
2019-12-10 18:00:08,0.0019701977,
2019-12-10 18:01:08,0.0018872452,
2019-12-10 18:02:08,0.001857378,
2019-12-10 18:03:08,0.0018409786,
2019-12-10 18:04:08,0.0019012127,
2019-12-10 18:05:08,0.0019604073,
2019-12-10 18:06:08,0.0021090546,
2019-12-10 18:07:08,0.0021508255,
2019-12-10 18:08:08,0.0021019211,
2019-12-10 18:09:08,0.0019369621,
2019-12-10 18:10:08,0.0017361393,
2019-12-10 18:11:08,0.0015221233,
2019-12-10 18:12:08,0.0012793732,
2019-12-10 18:13:08,0.0011209049,
2019-12-10 18:14:08,0.0009022121,
2019-12-10 18:15:08,0.0007466698,
2019-12-10 18:16:08,0.0006303368,
2019-12-10 18:17:08,0.0005355377,
2019-12-10 18:18:08,0.0006585941,
2019-12-10 18:19:08,0.0010780487,
2019-12-10 18:20:08,0.0017697773,
2019-12-10 18:21:08,0.0022701912,
2019-12-10 18:22:08,0.0026376629,
2019-12-10 18:23:08,0.00291292,
2019-12-10 18:24:08,0.0029610596,
2019-12-10 18:25:08,0.0029480228,
2019-12-10 18:26:08,0.0027607784,
2019-12-10 18:27:08,0.0025538273,
2019-12-10 18:28:08,0.0023142185,
2019-12-10 18:29:08,0.0019106007,
2019-12-10 18:30:08,0.0016678009,
2019-12-10 18:31:08,0.0016208153,
2019-12-10 18:32:08,0.0017555733,
2019-12-10 18:33:08,0.0018762283,
2019-12-10 18:34:08,0.0020715675,
2019-12-10 18:35:08,0.0022583981,
2019-12-10 18:36:08,0.0023810577,
2019-12-10 18:37:08,0.0023167992,
2019-12-10 18:38:08,0.0021892548,
2019-12-10 18:39:08,0.0019941635,
2019-12-10 18:40:08,0.0017883682,
2019-12-10 18:41:08,0.0015427608,
2019-12-10 18:42:08,0.0013386593,
2019-12-10 18:43:08,0.0011383743,
2019-12-10 18:44:08,0.0007860413,
2019-12-10 18:45:08,0.0005830345,
2019-12-10 18:46:08,0.0004376564,
2019-12-10 18:47:08,0.0003040924,
2019-12-10 18:48:08,0.0004358215,
2019-12-10 18:49:08,0.0008604679,
2019-12-10 18:50:08,0.001659296,
2019-12-10 18:51:08,0.0022105713,
2019-12-10 18:52:08,0.0025721188,
2019-12-10 18:53:08,0.0027236252,
2019-12-10 18:54:08,0.0025814323,
2019-12-10 18:55:08,0.0022341251,
2019-12-10 18:56:08,0.0020471382,
2019-12-10 18:57:08,0.0021081467,
2019-12-10 18:58:08,0.002150425,
2019-12-10 18:59:08,0.0020173645,
2019-12-10 19:00:08,0.0019225807,
2019-12-10 19:01:08,0.0018966923,
2019-12-10 19:02:08,0.0018718014,
2019-12-10 19:03:08,0.0019444695,
2019-12-10 19:04:08,0.0018918438,
2019-12-10 19:05:08,0.0018989944,
2019-12-10 19:06:08,0.0019610176,
2019-12-10 19:07:08,0.0020141506,
2019-12-10 19:08:08,0.0020991917,
2019-12-10 19:09:08,0.0020393219,
2019-12-10 19:10:08,0.001875164,
2019-12-10 19:11:08,0.0016096573,
2019-12-10 19:12:08,0.0014146957,
2019-12-10 19:13:08,0.0012085304,
2019-12-10 19:14:08,0.0009763012,
2019-12-10 19:15:08,0.0008330708,
2019-12-10 19:16:08,0.0007001095,
2019-12-10 19:17:08,0.0005826492,
2019-12-10 19:18:08,0.0006521225,
2019-12-10 19:19:08,0.0010692444,
2019-12-10 19:20:08,0.0016377792,
2019-12-10 19:21:08,0.002254858,
2019-12-10 19:22:08,0.0025425434,
2019-12-10 19:23:08,0.0026412392,
2019-12-10 19:24:08,0.0026658554,
2019-12-10 19:25:08,0.0024276295,
2019-12-10 19:26:08,0.0022101593,
2019-12-10 19:27:08,0.0020298214,
2019-12-10 19:28:08,0.0019949646,
2019-12-10 19:29:08,0.0018989105,
2019-12-10 19:30:08,0.0018257141,
2019-12-10 19:31:08,0.0018379002,
2019-12-10 19:32:08,0.0018444023,
2019-12-10 19:33:08,0.0019789333,
2019-12-10 19:34:08,0.0020571117,
2019-12-10 19:35:08,0.0021028862,
2019-12-10 19:36:08,0.0021370697,
2019-12-10 19:37:08,0.002161665,
2019-12-10 19:38:08,0.0020576935,
2019-12-10 19:39:08,0.0018730507,
2019-12-10 19:40:08,0.0016787701,
2019-12-10 19:41:08,0.0014923115,
2019-12-10 19:42:08,0.001342514,
2019-12-10 19:43:08,0.0011833344,
2019-12-10 19:44:08,0.0010686817,
2019-12-10 19:45:08,0.0009543362,
2019-12-10 19:46:08,0.0007845955,
2019-12-10 19:47:08,0.0006505108,
2019-12-10 19:48:08,0.0007306709,
2019-12-10 19:49:08,0.001107975,
2019-12-10 19:50:08,0.0015450726,
2019-12-10 19:51:08,0.0022035446,
2019-12-10 19:52:08,0.0025689888,
2019-12-10 19:53:08,0.002830061,
2019-12-10 19:54:08,0.0027566261,
2019-12-10 19:55:08,0.0025386028,
2019-12-10 19:56:08,0.0023316383,
2019-12-10 19:57:08,0.0020419579,
2019-12-10 19:58:08,0.0020033875,
2019-12-10 19:59:08,0.0018826447,
2019-12-10 20:00:08,0.0018023834,
2019-12-10 20:01:08,0.0017787571,
2019-12-10 20:02:08,0.0018512306,
2019-12-10 20:03:08,0.0019783573,
2019-12-10 20:04:08,0.0020915184,
2019-12-10 20:05:08,0.002061245,
2019-12-10 20:06:08,0.0020234928,
2019-12-10 20:07:08,0.0020752316,
2019-12-10 20:08:08,0.0021158218,
2019-12-10 20:09:08,0.0020303612,
2019-12-10 20:10:08,0.001805769,
2019-12-10 20:11:08,0.0015478954,
2019-12-10 20:12:08,0.0011862297,
2019-12-10 20:13:08,0.0009260368,
2019-12-10 20:14:08,0.0006490479,
2019-12-10 20:15:08,0.0005018692,
2019-12-10 20:16:08,0.0003928032,
2019-12-10 20:17:08,0.0002816086,
2019-12-10 20:18:08,0.0004727268,
2019-12-10 20:19:08,0.0009415913,
2019-12-10 20:20:08,0.0016545696,
2019-12-10 20:21:08,0.0021264381,
2019-12-10 20:22:08,0.0025006981,
2019-12-10 20:23:08,0.0027711258,
2019-12-10 20:24:08,0.0028426342,
2019-12-10 20:25:08,0.0028269348,
2019-12-10 20:26:08,0.002581131,
2019-12-10 20:27:08,0.0023302021,
2019-12-10 20:28:08,0.0021066189,
2019-12-10 20:29:08,0.0017318802,
2019-12-10 20:30:08,0.0016091003,
2019-12-10 20:31:08,0.001654768,
2019-12-10 20:32:08,0.0017939739,
2019-12-10 20:33:08,0.0019817257,
2019-12-10 20:34:08,0.0021439362,
2019-12-10 20:35:08,0.0022406597,
2019-12-10 20:36:08,0.0023472996,
2019-12-10 20:37:08,0.0023538551,
2019-12-10 20:38:08,0.0021249428,
2019-12-10 20:39:08,0.001837471,
2019-12-10 20:40:08,0.0015600281,
2019-12-10 20:41:08,0.0012222977,
2019-12-10 20:42:08,0.0010147285,
2019-12-10 20:43:08,0.0008344917,
2019-12-10 20:44:08,0.0006441326,
2019-12-10 20:45:08,0.0005220165,
2019-12-10 20:46:08,0.0004015923,
2019-12-10 20:47:08,0.0002827759,
2019-12-10 20:48:08,0.0004300289,
2019-12-10 20:49:08,0.00093573,
2019-12-10 20:50:08,0.0016725712,
2019-12-10 20:51:08,0.0021425724,
2019-12-10 20:52:08,0.0025177441,
2019-12-10 20:53:08,0.0026113625,
2019-12-10 20:54:08,0.0025368042,
2019-12-10 20:55:08,0.00239674,
2019-12-10 20:56:08,0.0020577126,
2019-12-10 20:57:08,0.0018929996,
2019-12-10 20:58:08,0.0017769089,
2019-12-10 20:59:08,0.0017508545,
2019-12-10 21:00:08,0.0017790432,
2019-12-10 21:01:08,0.0018732948,
2019-12-10 21:02:08,0.001972126,
2019-12-10 21:03:08,0.0020754318,
2019-12-10 21:04:08,0.0021442413,
2019-12-10 21:05:08,0.0021735992,
2019-12-10 21:06:08,0.0020941887,
2019-12-10 21:07:08,0.002058857,
2019-12-10 21:08:08,0.0020944309,
2019-12-10 21:09:08,0.0020132999,
2019-12-10 21:10:08,0.0017607517,
2019-12-10 21:11:08,0.0014448605,
2019-12-10 21:12:08,0.0012557259,
2019-12-10 21:13:08,0.0011231461,
2019-12-10 21:14:08,0.0009583588,
2019-12-10 21:15:08,0.0008067093,
2019-12-10 21:16:08,0.0006864643,
2019-12-10 21:17:08,0.000540556,
2019-12-10 21:18:08,0.0005909081,
2019-12-10 21:19:08,0.0009351311,
2019-12-10 21:20:08,0.0017007446,
2019-12-10 21:21:08,0.0021845684,
2019-12-10 21:22:08,0.0025223198,
2019-12-10 21:23:08,0.0027262249,
2019-12-10 21:24:08,0.0026220398,
2019-12-10 21:25:08,0.0024013062,
2019-12-10 21:26:08,0.0021417656,
2019-12-10 21:27:08,0.0019268894,
2019-12-10 21:28:08,0.0018482132,
2019-12-10 21:29:08,0.001791338,
2019-12-10 21:30:08,0.0017991486,
2019-12-10 21:31:08,0.0019121284,
2019-12-10 21:32:08,0.0019375076,
2019-12-10 21:33:08,0.0019701462,
2019-12-10 21:34:08,0.002065485,
2019-12-10 21:35:08,0.0021332283,
2019-12-10 21:36:08,0.0021986637,
2019-12-10 21:37:08,0.0022143917,
2019-12-10 21:38:08,0.0021869602,
2019-12-10 21:39:08,0.001958765,
2019-12-10 21:40:08,0.0018265934,
2019-12-10 21:41:08,0.0016135273,
2019-12-10 21:42:08,0.0013690567,
2019-12-10 21:43:08,0.0011712551,
2019-12-10 21:44:08,0.000927248,
2019-12-10 21:45:08,0.0007829227,
2019-12-10 21:46:08,0.0006799736,
2019-12-10 21:47:08,0.0005736275,
2019-12-10 21:48:08,0.0004870872,
2019-12-10 21:49:08,0.0004041996,
2019-12-10 21:50:08,0.0003180962,
2019-12-10 21:51:08,0.0004985256,
2019-12-10 21:52:08,0.0009364777,
2019-12-10 21:53:08,0.0016039085,
2019-12-10 21:54:08,0.0021140652,
2019-12-10 21:55:08,0.0024738865,
2019-12-10 21:56:08,0.0027376022,
2019-12-10 21:57:08,0.0026659718,
2019-12-10 21:58:08,0.0024268837,
2019-12-10 21:59:08,0.0020739594,
2019-12-10 22:00:08,0.0019222431,
2019-12-10 22:01:08,0.0018468971,
2019-12-10 22:02:08,0.0017954464,
2019-12-10 22:03:08,0.0017777996,
2019-12-10 22:04:08,0.0018381939,
2019-12-10 22:05:08,0.0019562206,
2019-12-10 22:06:08,0.0020558243,
2019-12-10 22:07:08,0.0021021709,
2019-12-10 22:08:08,0.0021301727,
2019-12-10 22:09:08,0.0021413956,
2019-12-10 22:10:08,0.0021432228,
2019-12-10 22:11:08,0.0021094952,
2019-12-10 22:12:08,0.0019753151,
2019-12-10 22:13:08,0.0018747044,
2019-12-10 22:14:08,0.0017247963,
2019-12-10 22:15:08,0.0015446873,
2019-12-10 22:16:08,0.0012975903,
2019-12-10 22:17:08,0.0011349316,
2019-12-10 22:18:08,0.0010247993,
2019-12-10 22:19:08,0.0008708267,
2019-12-10 22:20:08,0.0007382107,
2019-12-10 22:21:08,0.0005627747,
2019-12-10 22:22:08,0.0004603729,
2019-12-10 22:23:08,0.0005021782,
2019-12-10 22:24:08,0.0011441345,
2019-12-10 22:25:08,0.0016420841,
2019-12-10 22:26:08,0.002095356,
2019-12-10 22:27:08,0.0024652023,
2019-12-10 22:28:08,0.0025848312,
2019-12-10 22:29:08,0.0025339375,
2019-12-10 22:30:08,0.0023353462,
2019-12-10 22:31:08,0.0022562084,
2019-12-10 22:32:08,0.0021504517,
2019-12-10 22:33:08,0.0017532654,
2019-12-10 22:34:08,0.0017030487,
2019-12-10 22:35:08,0.0016492805,
2019-12-10 22:36:08,0.0016987247,
2019-12-10 22:37:08,0.0018250141,
2019-12-10 22:38:08,0.0019773254,
2019-12-10 22:39:08,0.0021131611,
2019-12-10 22:40:08,0.0021851425,
2019-12-10 22:41:08,0.0021839409,
2019-12-10 22:42:08,0.0021375771,
2019-12-10 22:43:08,0.0020793114,
2019-12-10 22:44:08,0.0020004292,
2019-12-10 22:45:08,0.0019083595,
2019-12-10 22:46:08,0.0015859318,
2019-12-10 22:47:08,0.0013073502,
2019-12-10 22:48:08,0.0010058708,
2019-12-10 22:49:08,0.0006837864,
2019-12-10 22:50:08,0.0005074615,
2019-12-10 22:51:08,0.0003819065,
2019-12-10 22:52:08,0.0002787991,
2019-12-10 22:53:08,0.0002095623,
2019-12-10 22:54:08,0.0003099632,
2019-12-10 22:55:08,0.0009573174,
2019-12-10 22:56:08,0.0014279194,
2019-12-10 22:57:08,0.0020618591,
2019-12-10 22:58:08,0.0024073505,
2019-12-10 22:59:08,0.0025675812,
2019-12-10 23:00:08,0.0026633587,
2019-12-10 23:01:08,0.0024898586,
2019-12-10 23:02:08,0.0022454319,
2019-12-10 23:03:08,0.0019498405,
2019-12-10 23:04:08,0.0018186569,
2019-12-10 23:05:08,0.0016933098,
2019-12-10 23:06:08,0.0016878357,
2019-12-10 23:07:08,0.0018019562,
2019-12-10 23:08:08,0.0019162254,
2019-12-10 23:09:08,0.0020600204,
2019-12-10 23:10:08,0.0020995426,
2019-12-10 23:11:08,0.0021310959,
2019-12-10 23:12:08,0.0021221733,
2019-12-10 23:13:08,0.0020392876,
2019-12-10 23:14:08,0.0019950981,
2019-12-10 23:15:08,0.0019880066,
2019-12-10 23:16:08,0.0019179325,
2019-12-10 23:17:08,0.0016036282,
2019-12-10 23:18:08,0.001348444,
2019-12-10 23:19:08,0.0011525574,
2019-12-10 23:20:08,0.000980381,
2019-12-10 23:21:08,0.0007797852,
2019-12-10 23:22:08,0.0006466961,
2019-12-10 23:23:08,0.0005156059,
2019-12-10 23:24:08,0.0003758926,
2019-12-10 23:25:08,0.0005050564,
2019-12-10 23:26:08,0.0009213982,
2019-12-10 23:27:08,0.0015546799,
2019-12-10 23:28:08,0.0020573559,
2019-12-10 23:29:08,0.0023981514,
2019-12-10 23:30:08,0.0026236477,
2019-12-10 23:31:08,0.0025601463,
2019-12-10 23:32:08,0.0024451046,
2019-12-10 23:33:08,0.0022948532,
2019-12-10 23:34:08,0.0020130157,
2019-12-10 23:35:08,0.0017354298,
2019-12-10 23:36:08,0.0016159954,
2019-12-10 23:37:08,0.001658905,
2019-12-10 23:38:08,0.0017807274,
2019-12-10 23:39:08,0.0019013939,
2019-12-10 23:40:08,0.0020038548,
2019-12-10 23:41:08,0.0021042461,
2019-12-10 23:42:08,0.0021911507,
2019-12-10 23:43:08,0.0021942444,
2019-12-10 23:44:08,0.0021570988,
2019-12-10 23:45:08,0.0020693111,
2019-12-10 23:46:08,0.0020031357,
2019-12-10 23:47:08,0.0020681877,
2019-12-10 23:48:08,0.0020202999,
2019-12-10 23:49:08,0.001893549,
2019-12-10 23:50:08,0.0017138233,
2019-12-10 23:51:08,0.0015940113,
2019-12-10 23:52:08,0.0014996433,
2019-12-10 23:53:08,0.0013935223,
2019-12-10 23:54:08,0.0013177242,
2019-12-10 23:55:08,0.0011329193,
2019-12-10 23:56:08,0.0011340885,
2019-12-10 23:57:08,0.001471426,
2019-12-10 23:58:08,0.0019151764,
2019-12-10 23:59:08,0.0024583111,
